EmbeddingSimilarity,nll-test,
1,-0.2891712599059161,0.7628079,
